[{"model": "admin.logentry", "pk": 1, "fields": {"action_time": "2025-01-05T21:18:05.506Z", "user": 2, "content_type": 6, "object_id": "111", "object_repr": "City", "action_flag": 1, "change_message": "[{\"added\": {}}]"}}, {"model": "admin.logentry", "pk": 2, "fields": {"action_time": "2025-01-05T21:18:58.260Z", "user": 2, "content_type": 7, "object_id": "200", "object_repr": "AAAAAAAA", "action_flag": 1, "change_message": "[{\"added\": {}}]"}}, {"model": "admin.logentry", "pk": 3, "fields": {"action_time": "2025-01-05T23:05:11.650Z", "user": 2, "content_type": 6, "object_id": "BER", "object_repr": "Berlijn", "action_flag": 3, "change_message": ""}}, {"model": "admin.logentry", "pk": 4, "fields": {"action_time": "2025-01-06T19:28:00.239Z", "user": 2, "content_type": 6, "object_id": "CCC", "object_repr": "city", "action_flag": 1, "change_message": "[{\"added\": {}}]"}}, {"model": "admin.logentry", "pk": 5, "fields": {"action_time": "2025-01-06T19:29:47.761Z", "user": 2, "content_type": 6, "object_id": "city", "object_repr": "CCC", "action_flag": 1, "change_message": "[{\"added\": {}}]"}}, {"model": "admin.logentry", "pk": 6, "fields": {"action_time": "2025-01-06T19:41:52.835Z", "user": 2, "content_type": 6, "object_id": "CCC", "object_repr": "city", "action_flag": 1, "change_message": "[{\"added\": {}}]"}}, {"model": "admin.logentry", "pk": 7, "fields": {"action_time": "2025-01-06T19:49:01.528Z", "user": 2, "content_type": 6, "object_id": "CCC", "object_repr": "city", "action_flag": 3, "change_message": ""}}, {"model": "admin.logentry", "pk": 8, "fields": {"action_time": "2025-01-06T21:54:28.346Z", "user": 2, "content_type": 6, "object_id": "CCC", "object_repr": "city", "action_flag": 1, "change_message": "[{\"added\": {}}]"}}, {"model": "admin.logentry", "pk": 9, "fields": {"action_time": "2025-01-07T13:37:15.371Z", "user": 2, "content_type": 7, "object_id": "104", "object_repr": "1111", "action_flag": 2, "change_message": "[{\"changed\": {\"fields\": [\"Name\"]}}]"}}, {"model": "admin.logentry", "pk": 10, "fields": {"action_time": "2025-01-07T13:37:23.548Z", "user": 2, "content_type": 7, "object_id": "104", "object_repr": "1111", "action_flag": 3, "change_message": ""}}, {"model": "admin.logentry", "pk": 11, "fields": {"action_time": "2025-01-07T14:01:52.168Z", "user": 2, "content_type": 6, "object_id": "BER", "object_repr": "Berlin", "action_flag": 1, "change_message": "[{\"added\": {}}]"}}, {"model": "admin.logentry", "pk": 12, "fields": {"action_time": "2025-01-07T14:38:50.085Z", "user": 2, "content_type": 6, "object_id": "CCC", "object_repr": "city", "action_flag": 3, "change_message": ""}}, {"model": "admin.logentry", "pk": 13, "fields": {"action_time": "2025-01-07T20:18:27.956Z", "user": 2, "content_type": 6, "object_id": "CCC", "object_repr": "city", "action_flag": 1, "change_message": "[{\"added\": {}}]"}}, {"model": "admin.logentry", "pk": 14, "fields": {"action_time": "2025-01-07T20:18:58.695Z", "user": 2, "content_type": 7, "object_id": "216", "object_repr": "name", "action_flag": 1, "change_message": "[{\"added\": {}}]"}}, {"model": "admin.logentry", "pk": 15, "fields": {"action_time": "2025-01-07T20:19:24.331Z", "user": 2, "content_type": 6, "object_id": "CCC", "object_repr": "city", "action_flag": 3, "change_message": ""}}, {"model": "admin.logentry", "pk": 16, "fields": {"action_time": "2025-01-07T21:52:04.332Z", "user": 2, "content_type": 7, "object_id": "173", "object_repr": "hotel", "action_flag": 3, "change_message": ""}}, {"model": "admin.logentry", "pk": 17, "fields": {"action_time": "2025-01-07T21:55:31.693Z", "user": 2, "content_type": 7, "object_id": "188", "object_repr": "1898", "action_flag": 3, "change_message": ""}}, {"model": "admin.logentry", "pk": 18, "fields": {"action_time": "2025-01-07T21:55:31.693Z", "user": 2, "content_type": 7, "object_id": "118", "object_repr": "AB Skipper", "action_flag": 3, "change_message": ""}}, {"model": "admin.logentry", "pk": 19, "fields": {"action_time": "2025-01-07T21:55:31.693Z", "user": 2, "content_type": 7, "object_id": "167", "object_repr": "AB Viladomat", "action_flag": 3, "change_message": ""}}, {"model": "admin.logentry", "pk": 20, "fields": {"action_time": "2025-01-07T21:55:31.693Z", "user": 2, "content_type": 7, "object_id": "65", "object_repr": "AB Viladomat", "action_flag": 3, "change_message": ""}}, {"model": "admin.logentry", "pk": 21, "fields": {"action_time": "2025-01-07T21:55:31.693Z", "user": 2, "content_type": 7, "object_id": "119", "object_repr": "Abrevadero", "action_flag": 3, "change_message": ""}}, {"model": "admin.logentry", "pk": 22, "fields": {"action_time": "2025-01-07T21:55:31.693Z", "user": 2, "content_type": 7, "object_id": "84", "object_repr": "Acevi Villarroel", "action_flag": 3, "change_message": ""}}, {"model": "admin.logentry", "pk": 23, "fields": {"action_time": "2025-01-07T21:55:31.693Z", "user": 2, "content_type": 7, "object_id": "106", "object_repr": "Adagio", "action_flag": 3, "change_message": ""}}, {"model": "admin.logentry", "pk": 24, "fields": {"action_time": "2025-01-07T21:55:31.693Z", "user": 2, "content_type": 7, "object_id": "54", "object_repr": "Adagio", "action_flag": 3, "change_message": ""}}, {"model": "admin.logentry", "pk": 25, "fields": {"action_time": "2025-01-07T21:55:31.693Z", "user": 2, "content_type": 7, "object_id": "191", "object_repr": "Agon Opera am Kurfürstendamm", "action_flag": 3, "change_message": ""}}, {"model": "admin.logentry", "pk": 26, "fields": {"action_time": "2025-01-07T21:55:31.693Z", "user": 2, "content_type": 7, "object_id": "183", "object_repr": "Agora", "action_flag": 3, "change_message": ""}}, {"model": "admin.logentry", "pk": 27, "fields": {"action_time": "2025-01-07T21:55:31.693Z", "user": 2, "content_type": 7, "object_id": "140", "object_repr": "Almirante Confortel", "action_flag": 3, "change_message": ""}}, {"model": "admin.logentry", "pk": 28, "fields": {"action_time": "2025-01-07T21:55:31.693Z", "user": 2, "content_type": 7, "object_id": "31", "object_repr": "Amaryllis Inn", "action_flag": 3, "change_message": ""}}, {"model": "admin.logentry", "pk": 29, "fields": {"action_time": "2025-01-07T21:55:31.693Z", "user": 2, "content_type": 7, "object_id": "92", "object_repr": "America", "action_flag": 3, "change_message": ""}}, {"model": "admin.logentry", "pk": 30, "fields": {"action_time": "2025-01-07T21:55:31.693Z", "user": 2, "content_type": 7, "object_id": "83", "object_repr": "Amister", "action_flag": 3, "change_message": ""}}, {"model": "admin.logentry", "pk": 31, "fields": {"action_time": "2025-01-07T21:55:31.693Z", "user": 2, "content_type": 7, "object_id": "63", "object_repr": "Amrey Diagonal", "action_flag": 3, "change_message": ""}}, {"model": "admin.logentry", "pk": 32, "fields": {"action_time": "2025-01-07T21:55:31.693Z", "user": 2, "content_type": 7, "object_id": "145", "object_repr": "Amrey Sant Pau", "action_flag": 3, "change_message": ""}}, {"model": "admin.logentry", "pk": 33, "fields": {"action_time": "2025-01-07T21:55:31.693Z", "user": 2, "content_type": 7, "object_id": "181", "object_repr": "Antwerp Diamond", "action_flag": 3, "change_message": ""}}, {"model": "admin.logentry", "pk": 34, "fields": {"action_time": "2025-01-07T21:55:31.693Z", "user": 2, "content_type": 7, "object_id": "32", "object_repr": "Apollo", "action_flag": 3, "change_message": ""}}, {"model": "admin.logentry", "pk": 35, "fields": {"action_time": "2025-01-07T21:55:31.693Z", "user": 2, "content_type": 7, "object_id": "163", "object_repr": "Arago 565", "action_flag": 3, "change_message": ""}}, {"model": "admin.logentry", "pk": 36, "fields": {"action_time": "2025-01-07T21:55:31.693Z", "user": 2, "content_type": 7, "object_id": "57", "object_repr": "Arc la Rambla", "action_flag": 3, "change_message": ""}}, {"model": "admin.logentry", "pk": 37, "fields": {"action_time": "2025-01-07T21:55:31.694Z", "user": 2, "content_type": 7, "object_id": "202", "object_repr": "Art'Otel Kudamm", "action_flag": 3, "change_message": ""}}, {"model": "admin.logentry", "pk": 38, "fields": {"action_time": "2025-01-07T21:55:31.694Z", "user": 2, "content_type": 7, "object_id": "151", "object_repr": "Aston", "action_flag": 3, "change_message": ""}}, {"model": "admin.logentry", "pk": 39, "fields": {"action_time": "2025-01-07T21:55:31.694Z", "user": 2, "content_type": 7, "object_id": "186", "object_repr": "Astoria", "action_flag": 3, "change_message": ""}}, {"model": "admin.logentry", "pk": 40, "fields": {"action_time": "2025-01-07T21:55:31.694Z", "user": 2, "content_type": 7, "object_id": "184", "object_repr": "Astoria", "action_flag": 3, "change_message": ""}}, {"model": "admin.logentry", "pk": 41, "fields": {"action_time": "2025-01-07T21:55:31.694Z", "user": 2, "content_type": 7, "object_id": "176", "object_repr": "Astoria", "action_flag": 3, "change_message": ""}}, {"model": "admin.logentry", "pk": 42, "fields": {"action_time": "2025-01-07T21:55:31.694Z", "user": 2, "content_type": 7, "object_id": "56", "object_repr": "AutoHogar", "action_flag": 3, "change_message": ""}}, {"model": "admin.logentry", "pk": 43, "fields": {"action_time": "2025-01-07T21:55:31.694Z", "user": 2, "content_type": 7, "object_id": "102", "object_repr": "Avenida Palace", "action_flag": 3, "change_message": ""}}, {"model": "admin.logentry", "pk": 44, "fields": {"action_time": "2025-01-07T21:55:31.694Z", "user": 2, "content_type": 7, "object_id": "155", "object_repr": "Avinyo", "action_flag": 3, "change_message": ""}}, {"model": "admin.logentry", "pk": 45, "fields": {"action_time": "2025-01-07T21:55:31.694Z", "user": 2, "content_type": 7, "object_id": "142", "object_repr": "Avinyo", "action_flag": 3, "change_message": ""}}, {"model": "admin.logentry", "pk": 46, "fields": {"action_time": "2025-01-07T21:55:31.694Z", "user": 2, "content_type": 7, "object_id": "123", "object_repr": "Avinyo", "action_flag": 3, "change_message": ""}}, {"model": "admin.logentry", "pk": 47, "fields": {"action_time": "2025-01-07T21:55:31.694Z", "user": 2, "content_type": 7, "object_id": "101", "object_repr": "Axel", "action_flag": 3, "change_message": ""}}, {"model": "admin.logentry", "pk": 48, "fields": {"action_time": "2025-01-07T21:55:31.694Z", "user": 2, "content_type": 7, "object_id": "150", "object_repr": "Barcelona Catedral", "action_flag": 3, "change_message": ""}}, {"model": "admin.logentry", "pk": 49, "fields": {"action_time": "2025-01-07T21:55:31.694Z", "user": 2, "content_type": 7, "object_id": "146", "object_repr": "Barcelona Center", "action_flag": 3, "change_message": ""}}, {"model": "admin.logentry", "pk": 50, "fields": {"action_time": "2025-01-07T21:55:31.694Z", "user": 2, "content_type": 7, "object_id": "98", "object_repr": "Barcelona Princess", "action_flag": 3, "change_message": ""}}, {"model": "admin.logentry", "pk": 51, "fields": {"action_time": "2025-01-07T21:55:31.694Z", "user": 2, "content_type": 7, "object_id": "121", "object_repr": "Barcelona Ramblas", "action_flag": 3, "change_message": ""}}, {"model": "admin.logentry", "pk": 52, "fields": {"action_time": "2025-01-07T21:55:31.694Z", "user": 2, "content_type": 7, "object_id": "149", "object_repr": "Bel Art", "action_flag": 3, "change_message": ""}}, {"model": "admin.logentry", "pk": 53, "fields": {"action_time": "2025-01-07T21:55:31.694Z", "user": 2, "content_type": 7, "object_id": "198", "object_repr": "Berlin Mark", "action_flag": 3, "change_message": ""}}, {"model": "admin.logentry", "pk": 54, "fields": {"action_time": "2025-01-07T21:55:31.694Z", "user": 2, "content_type": 7, "object_id": "197", "object_repr": "Best Western Berlin Mitte", "action_flag": 3, "change_message": ""}}, {"model": "admin.logentry", "pk": 55, "fields": {"action_time": "2025-01-07T21:55:31.694Z", "user": 2, "content_type": 7, "object_id": "190", "object_repr": "Bogota", "action_flag": 3, "change_message": ""}}, {"model": "admin.logentry", "pk": 56, "fields": {"action_time": "2025-01-07T21:55:31.694Z", "user": 2, "content_type": 7, "object_id": "59", "object_repr": "Borne", "action_flag": 3, "change_message": ""}}, {"model": "admin.logentry", "pk": 57, "fields": {"action_time": "2025-01-07T21:55:31.694Z", "user": 2, "content_type": 7, "object_id": "139", "object_repr": "Calabria", "action_flag": 3, "change_message": ""}}, {"model": "admin.logentry", "pk": 58, "fields": {"action_time": "2025-01-07T21:55:31.694Z", "user": 2, "content_type": 7, "object_id": "85", "object_repr": "Calabria", "action_flag": 3, "change_message": ""}}, {"model": "admin.logentry", "pk": 59, "fields": {"action_time": "2025-01-07T21:55:31.694Z", "user": 2, "content_type": 7, "object_id": "124", "object_repr": "California", "action_flag": 3, "change_message": ""}}, {"model": "admin.logentry", "pk": 60, "fields": {"action_time": "2025-01-07T21:55:31.694Z", "user": 2, "content_type": 7, "object_id": "36", "object_repr": "Candia", "action_flag": 3, "change_message": ""}}, {"model": "admin.logentry", "pk": 61, "fields": {"action_time": "2025-01-07T21:55:31.694Z", "user": 2, "content_type": 7, "object_id": "185", "object_repr": "Carlton", "action_flag": 3, "change_message": ""}}, {"model": "admin.logentry", "pk": 62, "fields": {"action_time": "2025-01-07T21:55:31.694Z", "user": 2, "content_type": 7, "object_id": "179", "object_repr": "Carlton", "action_flag": 3, "change_message": ""}}, {"model": "admin.logentry", "pk": 63, "fields": {"action_time": "2025-01-07T21:55:31.694Z", "user": 2, "content_type": 7, "object_id": "18", "object_repr": "Carlton", "action_flag": 3, "change_message": ""}}, {"model": "admin.logentry", "pk": 64, "fields": {"action_time": "2025-01-07T21:55:31.694Z", "user": 2, "content_type": 7, "object_id": "16", "object_repr": "Carlton", "action_flag": 3, "change_message": ""}}, {"model": "admin.logentry", "pk": 65, "fields": {"action_time": "2025-01-07T21:55:31.694Z", "user": 2, "content_type": 7, "object_id": "105", "object_repr": "Casa Fuster", "action_flag": 3, "change_message": ""}}, {"model": "admin.logentry", "pk": 66, "fields": {"action_time": "2025-01-07T21:55:31.694Z", "user": 2, "content_type": 7, "object_id": "99", "object_repr": "Catal. Duques de Bergara", "action_flag": 3, "change_message": ""}}, {"model": "admin.logentry", "pk": 67, "fields": {"action_time": "2025-01-07T21:55:31.694Z", "user": 2, "content_type": 7, "object_id": "137", "object_repr": "Catalonia Albinoni", "action_flag": 3, "change_message": ""}}, {"model": "admin.logentry", "pk": 68, "fields": {"action_time": "2025-01-07T21:55:31.694Z", "user": 2, "content_type": 7, "object_id": "108", "object_repr": "Catalonia Aragon", "action_flag": 3, "change_message": ""}}, {"model": "admin.logentry", "pk": 69, "fields": {"action_time": "2025-01-07T21:55:31.694Z", "user": 2, "content_type": 7, "object_id": "58", "object_repr": "Catalonia Aragon", "action_flag": 3, "change_message": ""}}, {"model": "admin.logentry", "pk": 70, "fields": {"action_time": "2025-01-07T21:55:31.694Z", "user": 2, "content_type": 7, "object_id": "111", "object_repr": "Catalonia Atenas", "action_flag": 3, "change_message": ""}}, {"model": "admin.logentry", "pk": 71, "fields": {"action_time": "2025-01-07T21:55:31.694Z", "user": 2, "content_type": 7, "object_id": "68", "object_repr": "Catalonia Atenas", "action_flag": 3, "change_message": ""}}, {"model": "admin.logentry", "pk": 72, "fields": {"action_time": "2025-01-07T21:55:31.694Z", "user": 2, "content_type": 7, "object_id": "115", "object_repr": "Catalonia Berna", "action_flag": 3, "change_message": ""}}, {"model": "admin.logentry", "pk": 73, "fields": {"action_time": "2025-01-07T21:55:31.694Z", "user": 2, "content_type": 7, "object_id": "91", "object_repr": "Catalonia Berna", "action_flag": 3, "change_message": ""}}, {"model": "admin.logentry", "pk": 74, "fields": {"action_time": "2025-01-07T21:55:31.694Z", "user": 2, "content_type": 7, "object_id": "112", "object_repr": "Catalonia Princesa", "action_flag": 3, "change_message": ""}}, {"model": "admin.logentry", "pk": 75, "fields": {"action_time": "2025-01-07T21:55:31.694Z", "user": 2, "content_type": 7, "object_id": "73", "object_repr": "Catalonia Princesa", "action_flag": 3, "change_message": ""}}, {"model": "admin.logentry", "pk": 76, "fields": {"action_time": "2025-01-07T21:55:31.694Z", "user": 2, "content_type": 7, "object_id": "136", "object_repr": "Catalonia Ramblas", "action_flag": 3, "change_message": ""}}, {"model": "admin.logentry", "pk": 77, "fields": {"action_time": "2025-01-07T21:55:31.694Z", "user": 2, "content_type": 7, "object_id": "75", "object_repr": "Catalunya", "action_flag": 3, "change_message": ""}}, {"model": "admin.logentry", "pk": 78, "fields": {"action_time": "2025-01-07T21:55:31.694Z", "user": 2, "content_type": 7, "object_id": "210", "object_repr": "Citadines", "action_flag": 3, "change_message": ""}}, {"model": "admin.logentry", "pk": 79, "fields": {"action_time": "2025-01-07T21:55:31.694Z", "user": 2, "content_type": 7, "object_id": "194", "object_repr": "City Amaryl", "action_flag": 3, "change_message": ""}}, {"model": "admin.logentry", "pk": 80, "fields": {"action_time": "2025-01-07T21:55:31.694Z", "user": 2, "content_type": 7, "object_id": "67", "object_repr": "Citypark Nicaragua", "action_flag": 3, "change_message": ""}}, {"model": "admin.logentry", "pk": 81, "fields": {"action_time": "2025-01-07T21:55:31.694Z", "user": 2, "content_type": 7, "object_id": "81", "object_repr": "Citypark Pelayo", "action_flag": 3, "change_message": ""}}, {"model": "admin.logentry", "pk": 82, "fields": {"action_time": "2025-01-07T21:55:31.694Z", "user": 2, "content_type": 7, "object_id": "148", "object_repr": "Ciutat de Barcelona", "action_flag": 3, "change_message": ""}}, {"model": "admin.logentry", "pk": 83, "fields": {"action_time": "2025-01-07T21:55:31.694Z", "user": 2, "content_type": 7, "object_id": "162", "object_repr": "Colon", "action_flag": 3, "change_message": ""}}, {"model": "admin.logentry", "pk": 84, "fields": {"action_time": "2025-01-07T21:55:31.694Z", "user": 2, "content_type": 7, "object_id": "107", "object_repr": "Comercio", "action_flag": 3, "change_message": ""}}, {"model": "admin.logentry", "pk": 85, "fields": {"action_time": "2025-01-07T21:55:31.694Z", "user": 2, "content_type": 7, "object_id": "55", "object_repr": "Comercio", "action_flag": 3, "change_message": ""}}, {"model": "admin.logentry", "pk": 86, "fields": {"action_time": "2025-01-07T21:55:31.694Z", "user": 2, "content_type": 7, "object_id": "193", "object_repr": "Comfort Lichtenberg", "action_flag": 3, "change_message": ""}}, {"model": "admin.logentry", "pk": 87, "fields": {"action_time": "2025-01-07T21:55:31.694Z", "user": 2, "content_type": 7, "object_id": "192", "object_repr": "Comfort Weissensee", "action_flag": 3, "change_message": ""}}, {"model": "admin.logentry", "pk": 88, "fields": {"action_time": "2025-01-07T21:55:31.694Z", "user": 2, "content_type": 7, "object_id": "131", "object_repr": "Condes de Barcelona", "action_flag": 3, "change_message": ""}}, {"model": "admin.logentry", "pk": 89, "fields": {"action_time": "2025-01-07T21:55:31.694Z", "user": 2, "content_type": 7, "object_id": "96", "object_repr": "Condestable", "action_flag": 3, "change_message": ""}}, {"model": "admin.logentry", "pk": 90, "fields": {"action_time": "2025-01-07T21:55:31.694Z", "user": 2, "content_type": 7, "object_id": "97", "object_repr": "Confortel Almirante", "action_flag": 3, "change_message": ""}}, {"model": "admin.logentry", "pk": 91, "fields": {"action_time": "2025-01-07T21:55:31.694Z", "user": 2, "content_type": 7, "object_id": "134", "object_repr": "Confortel Auditori", "action_flag": 3, "change_message": ""}}, {"model": "admin.logentry", "pk": 92, "fields": {"action_time": "2025-01-07T21:55:31.694Z", "user": 2, "content_type": 7, "object_id": "166", "object_repr": "Confortel Barcelona", "action_flag": 3, "change_message": ""}}, {"model": "admin.logentry", "pk": 93, "fields": {"action_time": "2025-01-07T21:55:31.694Z", "user": 2, "content_type": 7, "object_id": "132", "object_repr": "Corders", "action_flag": 3, "change_message": ""}}, {"model": "admin.logentry", "pk": 94, "fields": {"action_time": "2025-01-07T21:55:31.694Z", "user": 2, "content_type": 7, "object_id": "24", "object_repr": "Corinthia Antwerp", "action_flag": 3, "change_message": ""}}, {"model": "admin.logentry", "pk": 95, "fields": {"action_time": "2025-01-07T21:55:31.694Z", "user": 2, "content_type": 7, "object_id": "23", "object_repr": "Corinthia Antwerp", "action_flag": 3, "change_message": ""}}, {"model": "admin.logentry", "pk": 96, "fields": {"action_time": "2025-01-07T21:55:31.694Z", "user": 2, "content_type": 7, "object_id": "116", "object_repr": "Cristal Palace", "action_flag": 3, "change_message": ""}}, {"model": "admin.logentry", "pk": 97, "fields": {"action_time": "2025-01-07T21:55:31.694Z", "user": 2, "content_type": 7, "object_id": "70", "object_repr": "Decimononico/Pescateria", "action_flag": 3, "change_message": ""}}, {"model": "admin.logentry", "pk": 98, "fields": {"action_time": "2025-01-07T21:55:31.694Z", "user": 2, "content_type": 7, "object_id": "80", "object_repr": "Del Comte", "action_flag": 3, "change_message": ""}}, {"model": "admin.logentry", "pk": 99, "fields": {"action_time": "2025-01-07T21:55:31.694Z", "user": 2, "content_type": 7, "object_id": "158", "object_repr": "Del Mar", "action_flag": 3, "change_message": ""}}, {"model": "admin.logentry", "pk": 100, "fields": {"action_time": "2025-01-07T21:55:31.694Z", "user": 2, "content_type": 7, "object_id": "126", "object_repr": "Del Mar", "action_flag": 3, "change_message": ""}}, {"model": "admin.logentry", "pk": 101, "fields": {"action_time": "2025-01-07T21:55:31.694Z", "user": 2, "content_type": 7, "object_id": "212", "object_repr": "Domicil", "action_flag": 3, "change_message": ""}}, {"model": "admin.logentry", "pk": 102, "fields": {"action_time": "2025-01-07T21:55:31.694Z", "user": 2, "content_type": 7, "object_id": "35", "object_repr": "Dorian Inn", "action_flag": 3, "change_message": ""}}, {"model": "admin.logentry", "pk": 103, "fields": {"action_time": "2025-01-07T21:55:31.694Z", "user": 2, "content_type": 7, "object_id": "175", "object_repr": "Eden", "action_flag": 3, "change_message": ""}}, {"model": "admin.logentry", "pk": 104, "fields": {"action_time": "2025-01-07T21:55:31.694Z", "user": 2, "content_type": 7, "object_id": "207", "object_repr": "Ellington", "action_flag": 3, "change_message": ""}}, {"model": "admin.logentry", "pk": 105, "fields": {"action_time": "2025-01-07T21:55:31.694Z", "user": 2, "content_type": 7, "object_id": "143", "object_repr": "Espana", "action_flag": 3, "change_message": ""}}, {"model": "admin.logentry", "pk": 106, "fields": {"action_time": "2025-01-07T21:55:31.694Z", "user": 2, "content_type": 7, "object_id": "33", "object_repr": "Esperia Palace", "action_flag": 3, "change_message": ""}}, {"model": "admin.logentry", "pk": 107, "fields": {"action_time": "2025-01-07T21:55:31.694Z", "user": 2, "content_type": 7, "object_id": "209", "object_repr": "Estrel", "action_flag": 3, "change_message": ""}}, {"model": "admin.logentry", "pk": 108, "fields": {"action_time": "2025-01-07T21:55:31.694Z", "user": 2, "content_type": 7, "object_id": "141", "object_repr": "Evenia Rocafort", "action_flag": 3, "change_message": ""}}, {"model": "admin.logentry", "pk": 109, "fields": {"action_time": "2025-01-07T21:55:31.694Z", "user": 2, "content_type": 7, "object_id": "138", "object_repr": "Expo", "action_flag": 3, "change_message": ""}}, {"model": "admin.logentry", "pk": 110, "fields": {"action_time": "2025-01-07T21:55:31.694Z", "user": 2, "content_type": 7, "object_id": "61", "object_repr": "Expo", "action_flag": 3, "change_message": ""}}, {"model": "admin.logentry", "pk": 111, "fields": {"action_time": "2025-01-07T21:55:31.694Z", "user": 2, "content_type": 7, "object_id": "187", "object_repr": "Express by Holiday Inn", "action_flag": 3, "change_message": ""}}, {"model": "admin.logentry", "pk": 112, "fields": {"action_time": "2025-01-07T21:55:31.694Z", "user": 2, "content_type": 7, "object_id": "174", "object_repr": "Express by Holiday Inn", "action_flag": 3, "change_message": ""}}, {"model": "admin.logentry", "pk": 113, "fields": {"action_time": "2025-01-07T21:55:31.694Z", "user": 2, "content_type": 7, "object_id": "27", "object_repr": "Express by Holiday Inn", "action_flag": 3, "change_message": ""}}, {"model": "admin.logentry", "pk": 114, "fields": {"action_time": "2025-01-07T21:55:31.694Z", "user": 2, "content_type": 7, "object_id": "25", "object_repr": "Express by Holiday Inn", "action_flag": 3, "change_message": ""}}, {"model": "admin.logentry", "pk": 115, "fields": {"action_time": "2025-01-07T21:55:31.694Z", "user": 2, "content_type": 7, "object_id": "21", "object_repr": "Express by Holiday Inn", "action_flag": 3, "change_message": ""}}, {"model": "admin.logentry", "pk": 116, "fields": {"action_time": "2025-01-07T21:55:31.694Z", "user": 2, "content_type": 7, "object_id": "19", "object_repr": "Express by Holiday Inn", "action_flag": 3, "change_message": ""}}, {"model": "admin.logentry", "pk": 117, "fields": {"action_time": "2025-01-07T21:55:31.694Z", "user": 2, "content_type": 7, "object_id": "170", "object_repr": "FC Barcelona-Real in 3*", "action_flag": 3, "change_message": ""}}, {"model": "admin.logentry", "pk": 118, "fields": {"action_time": "2025-01-07T21:55:31.694Z", "user": 2, "content_type": 7, "object_id": "34", "object_repr": "Fresh", "action_flag": 3, "change_message": ""}}, {"model": "admin.logentry", "pk": 119, "fields": {"action_time": "2025-01-07T21:55:31.694Z", "user": 2, "content_type": 7, "object_id": "66", "object_repr": "Front Maritim", "action_flag": 3, "change_message": ""}}, {"model": "admin.logentry", "pk": 120, "fields": {"action_time": "2025-01-07T21:55:31.694Z", "user": 2, "content_type": 7, "object_id": "122", "object_repr": "Glories", "action_flag": 3, "change_message": ""}}, {"model": "admin.logentry", "pk": 121, "fields": {"action_time": "2025-01-07T21:55:31.694Z", "user": 2, "content_type": 7, "object_id": "177", "object_repr": "Golden Tulip Antwerp Centre", "action_flag": 3, "change_message": ""}}, {"model": "admin.logentry", "pk": 122, "fields": {"action_time": "2025-01-07T21:55:31.694Z", "user": 2, "content_type": 7, "object_id": "129", "object_repr": "Gotico", "action_flag": 3, "change_message": ""}}, {"model": "admin.logentry", "pk": 123, "fields": {"action_time": "2025-01-07T21:55:31.694Z", "user": 2, "content_type": 7, "object_id": "130", "object_repr": "Gran Barcino", "action_flag": 3, "change_message": ""}}, {"model": "admin.logentry", "pk": 124, "fields": {"action_time": "2025-01-07T21:55:31.694Z", "user": 2, "content_type": 7, "object_id": "135", "object_repr": "Gran Ronda", "action_flag": 3, "change_message": ""}}, {"model": "admin.logentry", "pk": 125, "fields": {"action_time": "2025-01-07T21:55:31.694Z", "user": 2, "content_type": 7, "object_id": "117", "object_repr": "Grand Marina", "action_flag": 3, "change_message": ""}}, {"model": "admin.logentry", "pk": 126, "fields": {"action_time": "2025-01-07T21:55:31.694Z", "user": 2, "content_type": 7, "object_id": "100", "object_repr": "Grupotel Gravina", "action_flag": 3, "change_message": ""}}, {"model": "admin.logentry", "pk": 127, "fields": {"action_time": "2025-01-07T21:55:31.694Z", "user": 2, "content_type": 7, "object_id": "125", "object_repr": "Guardia", "action_flag": 3, "change_message": ""}}, {"model": "admin.logentry", "pk": 128, "fields": {"action_time": "2025-01-07T21:55:31.694Z", "user": 2, "content_type": 7, "object_id": "72", "object_repr": "Gutenberg", "action_flag": 3, "change_message": ""}}, {"model": "admin.logentry", "pk": 129, "fields": {"action_time": "2025-01-07T21:55:31.695Z", "user": 2, "content_type": 7, "object_id": "90", "object_repr": "H10 Marina Barcelona", "action_flag": 3, "change_message": ""}}, {"model": "admin.logentry", "pk": 130, "fields": {"action_time": "2025-01-07T21:55:31.695Z", "user": 2, "content_type": 7, "object_id": "128", "object_repr": "H10 Montcada", "action_flag": 3, "change_message": ""}}, {"model": "admin.logentry", "pk": 131, "fields": {"action_time": "2025-01-07T21:55:31.695Z", "user": 2, "content_type": 7, "object_id": "160", "object_repr": "H10 Raco del Pi", "action_flag": 3, "change_message": ""}}, {"model": "admin.logentry", "pk": 132, "fields": {"action_time": "2025-01-07T21:55:31.695Z", "user": 2, "content_type": 7, "object_id": "157", "object_repr": "H10 Universitat", "action_flag": 3, "change_message": ""}}, {"model": "admin.logentry", "pk": 133, "fields": {"action_time": "2025-01-07T21:55:31.695Z", "user": 2, "content_type": 7, "object_id": "82", "object_repr": "Habitat Sky", "action_flag": 3, "change_message": ""}}, {"model": "admin.logentry", "pk": 134, "fields": {"action_time": "2025-01-07T21:55:31.695Z", "user": 2, "content_type": 7, "object_id": "77", "object_repr": "Hesperia Metropol", "action_flag": 3, "change_message": ""}}, {"model": "admin.logentry", "pk": 135, "fields": {"action_time": "2025-01-07T21:55:31.695Z", "user": 2, "content_type": 7, "object_id": "213", "object_repr": "Holiday Inn Berlin City East", "action_flag": 3, "change_message": ""}}, {"model": "admin.logentry", "pk": 136, "fields": {"action_time": "2025-01-07T21:55:31.695Z", "user": 2, "content_type": 7, "object_id": "49", "object_repr": "Holiday Inn Silom", "action_flag": 3, "change_message": ""}}, {"model": "admin.logentry", "pk": 137, "fields": {"action_time": "2025-01-07T21:55:31.695Z", "user": 2, "content_type": 7, "object_id": "42", "object_repr": "Holiday Inn Silom", "action_flag": 3, "change_message": ""}}, {"model": "admin.logentry", "pk": 138, "fields": {"action_time": "2025-01-07T21:55:31.695Z", "user": 2, "content_type": 7, "object_id": "1", "object_repr": "Ibis Amsterdam Airport", "action_flag": 3, "change_message": ""}}, {"model": "admin.logentry", "pk": 139, "fields": {"action_time": "2025-01-07T21:55:31.695Z", "user": 2, "content_type": 7, "object_id": "15", "object_repr": "Ibis Antwerpen Centrum", "action_flag": 3, "change_message": ""}}, {"model": "admin.logentry", "pk": 140, "fields": {"action_time": "2025-01-07T21:55:31.695Z", "user": 2, "content_type": 7, "object_id": "93", "object_repr": "Icaria", "action_flag": 3, "change_message": ""}}, {"model": "admin.logentry", "pk": 141, "fields": {"action_time": "2025-01-07T21:55:31.695Z", "user": 2, "content_type": 7, "object_id": "205", "object_repr": "Innside Premium", "action_flag": 3, "change_message": ""}}, {"model": "admin.logentry", "pk": 142, "fields": {"action_time": "2025-01-07T21:55:31.695Z", "user": 2, "content_type": 7, "object_id": "62", "object_repr": "Junior", "action_flag": 3, "change_message": ""}}, {"model": "admin.logentry", "pk": 143, "fields": {"action_time": "2025-01-07T21:55:31.695Z", "user": 2, "content_type": 7, "object_id": "147", "object_repr": "Lami", "action_flag": 3, "change_message": ""}}, {"model": "admin.logentry", "pk": 144, "fields": {"action_time": "2025-01-07T21:55:31.695Z", "user": 2, "content_type": 7, "object_id": "203", "object_repr": "Lindenberger Hof", "action_flag": 3, "change_message": ""}}, {"model": "admin.logentry", "pk": 145, "fields": {"action_time": "2025-01-07T21:55:31.695Z", "user": 2, "content_type": 7, "object_id": "153", "object_repr": "Lleo", "action_flag": 3, "change_message": ""}}, {"model": "admin.logentry", "pk": 146, "fields": {"action_time": "2025-01-07T21:55:31.695Z", "user": 2, "content_type": 7, "object_id": "159", "object_repr": "Majestic", "action_flag": 3, "change_message": ""}}, {"model": "admin.logentry", "pk": 147, "fields": {"action_time": "2025-01-07T21:55:31.695Z", "user": 2, "content_type": 7, "object_id": "144", "object_repr": "Marina", "action_flag": 3, "change_message": ""}}, {"model": "admin.logentry", "pk": 148, "fields": {"action_time": "2025-01-07T21:55:31.695Z", "user": 2, "content_type": 7, "object_id": "76", "object_repr": "Medium Monegal", "action_flag": 3, "change_message": ""}}, {"model": "admin.logentry", "pk": 149, "fields": {"action_time": "2025-01-07T21:55:31.695Z", "user": 2, "content_type": 7, "object_id": "201", "object_repr": "Melia Berlin", "action_flag": 3, "change_message": ""}}, {"model": "admin.logentry", "pk": 150, "fields": {"action_time": "2025-01-07T21:55:31.695Z", "user": 2, "content_type": 7, "object_id": "206", "object_repr": "Metropolitan Hansa", "action_flag": 3, "change_message": ""}}, {"model": "admin.logentry", "pk": 151, "fields": {"action_time": "2025-01-07T21:55:31.695Z", "user": 2, "content_type": 7, "object_id": "51", "object_repr": "Millennium Hilton Bangkok", "action_flag": 3, "change_message": ""}}, {"model": "admin.logentry", "pk": 152, "fields": {"action_time": "2025-01-07T21:55:31.695Z", "user": 2, "content_type": 7, "object_id": "44", "object_repr": "Millennium Hilton Bangkok", "action_flag": 3, "change_message": ""}}, {"model": "admin.logentry", "pk": 153, "fields": {"action_time": "2025-01-07T21:55:31.695Z", "user": 2, "content_type": 7, "object_id": "161", "object_repr": "NH Duc de la Victoria", "action_flag": 3, "change_message": ""}}, {"model": "admin.logentry", "pk": 154, "fields": {"action_time": "2025-01-07T21:55:31.695Z", "user": 2, "content_type": 7, "object_id": "165", "object_repr": "NH Les Corts", "action_flag": 3, "change_message": ""}}, {"model": "admin.logentry", "pk": 155, "fields": {"action_time": "2025-01-07T21:55:31.695Z", "user": 2, "content_type": 7, "object_id": "110", "object_repr": "Napols", "action_flag": 3, "change_message": ""}}, {"model": "admin.logentry", "pk": 156, "fields": {"action_time": "2025-01-07T21:55:31.695Z", "user": 2, "content_type": 7, "object_id": "46", "object_repr": "Narai", "action_flag": 3, "change_message": ""}}, {"model": "admin.logentry", "pk": 157, "fields": {"action_time": "2025-01-07T21:55:31.695Z", "user": 2, "content_type": 7, "object_id": "39", "object_repr": "Narai", "action_flag": 3, "change_message": ""}}, {"model": "admin.logentry", "pk": 158, "fields": {"action_time": "2025-01-07T21:55:31.695Z", "user": 2, "content_type": 7, "object_id": "152", "object_repr": "Nouvel", "action_flag": 3, "change_message": ""}}, {"model": "admin.logentry", "pk": 159, "fields": {"action_time": "2025-01-07T21:55:31.695Z", "user": 2, "content_type": 7, "object_id": "2", "object_repr": "Novotel Amsterdam Airport", "action_flag": 3, "change_message": ""}}, {"model": "admin.logentry", "pk": 160, "fields": {"action_time": "2025-01-07T21:55:31.695Z", "user": 2, "content_type": 7, "object_id": "196", "object_repr": "Novotel Dorint am Tiergarten", "action_flag": 3, "change_message": ""}}, {"model": "admin.logentry", "pk": 161, "fields": {"action_time": "2025-01-07T21:55:31.695Z", "user": 2, "content_type": 7, "object_id": "200", "object_repr": "Panorama", "action_flag": 3, "change_message": ""}}, {"model": "admin.logentry", "pk": 162, "fields": {"action_time": "2025-01-07T21:55:31.695Z", "user": 2, "content_type": 7, "object_id": "94", "object_repr": "Park", "action_flag": 3, "change_message": ""}}, {"model": "admin.logentry", "pk": 163, "fields": {"action_time": "2025-01-07T21:55:31.695Z", "user": 2, "content_type": 7, "object_id": "195", "object_repr": "Park Inn Alexanderplatz", "action_flag": 3, "change_message": ""}}, {"model": "admin.logentry", "pk": 164, "fields": {"action_time": "2025-01-07T21:55:31.695Z", "user": 2, "content_type": 7, "object_id": "180", "object_repr": "Park Plaza Astrid Antwerp", "action_flag": 3, "change_message": ""}}, {"model": "admin.logentry", "pk": 165, "fields": {"action_time": "2025-01-07T21:55:31.695Z", "user": 2, "content_type": 7, "object_id": "169", "object_repr": "Petit Palace Museum", "action_flag": 3, "change_message": ""}}, {"model": "admin.logentry", "pk": 166, "fields": {"action_time": "2025-01-07T21:55:31.695Z", "user": 2, "content_type": 7, "object_id": "89", "object_repr": "Principal", "action_flag": 3, "change_message": ""}}, {"model": "admin.logentry", "pk": 167, "fields": {"action_time": "2025-01-07T21:55:31.695Z", "user": 2, "content_type": 7, "object_id": "64", "object_repr": "Principal", "action_flag": 3, "change_message": ""}}, {"model": "admin.logentry", "pk": 168, "fields": {"action_time": "2025-01-07T21:55:31.695Z", "user": 2, "content_type": 7, "object_id": "189", "object_repr": "Quality City-East", "action_flag": 3, "change_message": ""}}, {"model": "admin.logentry", "pk": 169, "fields": {"action_time": "2025-01-07T21:55:31.695Z", "user": 2, "content_type": 7, "object_id": "13", "object_repr": "Radisson SAS Park Lane", "action_flag": 3, "change_message": ""}}, {"model": "admin.logentry", "pk": 170, "fields": {"action_time": "2025-01-07T21:55:31.695Z", "user": 2, "content_type": 7, "object_id": "204", "object_repr": "Ramada Plaza", "action_flag": 3, "change_message": ""}}, {"model": "admin.logentry", "pk": 171, "fields": {"action_time": "2025-01-07T21:55:31.695Z", "user": 2, "content_type": 7, "object_id": "182", "object_repr": "Ramada Plaza", "action_flag": 3, "change_message": ""}}, {"model": "admin.logentry", "pk": 172, "fields": {"action_time": "2025-01-07T21:55:31.695Z", "user": 2, "content_type": 7, "object_id": "20", "object_repr": "Ramada Plaza", "action_flag": 3, "change_message": ""}}, {"model": "admin.logentry", "pk": 173, "fields": {"action_time": "2025-01-07T21:55:31.695Z", "user": 2, "content_type": 7, "object_id": "164", "object_repr": "Ramblas", "action_flag": 3, "change_message": ""}}, {"model": "admin.logentry", "pk": 174, "fields": {"action_time": "2025-01-07T21:55:31.695Z", "user": 2, "content_type": 7, "object_id": "114", "object_repr": "Ramblas", "action_flag": 3, "change_message": ""}}, {"model": "admin.logentry", "pk": 175, "fields": {"action_time": "2025-01-07T21:55:31.695Z", "user": 2, "content_type": 7, "object_id": "87", "object_repr": "Ramblas", "action_flag": 3, "change_message": ""}}, {"model": "admin.logentry", "pk": 176, "fields": {"action_time": "2025-01-07T21:55:31.695Z", "user": 2, "content_type": 7, "object_id": "69", "object_repr": "Rege", "action_flag": 3, "change_message": ""}}, {"model": "admin.logentry", "pk": 177, "fields": {"action_time": "2025-01-07T21:55:31.695Z", "user": 2, "content_type": 7, "object_id": "178", "object_repr": "Residence", "action_flag": 3, "change_message": ""}}, {"model": "admin.logentry", "pk": 178, "fields": {"action_time": "2025-01-07T21:55:31.695Z", "user": 2, "content_type": 7, "object_id": "168", "object_repr": "Residencia Erasmus Gracia", "action_flag": 3, "change_message": ""}}, {"model": "admin.logentry", "pk": 179, "fields": {"action_time": "2025-01-07T21:55:31.695Z", "user": 2, "content_type": 7, "object_id": "156", "object_repr": "Rialto", "action_flag": 3, "change_message": ""}}, {"model": "admin.logentry", "pk": 180, "fields": {"action_time": "2025-01-07T21:55:31.695Z", "user": 2, "content_type": 7, "object_id": "113", "object_repr": "Rialto", "action_flag": 3, "change_message": ""}}, {"model": "admin.logentry", "pk": 181, "fields": {"action_time": "2025-01-07T21:55:31.695Z", "user": 2, "content_type": 7, "object_id": "86", "object_repr": "Rialto", "action_flag": 3, "change_message": ""}}, {"model": "admin.logentry", "pk": 182, "fields": {"action_time": "2025-01-07T21:55:31.695Z", "user": 2, "content_type": 7, "object_id": "53", "object_repr": "Rialto", "action_flag": 3, "change_message": ""}}, {"model": "admin.logentry", "pk": 183, "fields": {"action_time": "2025-01-07T21:55:31.695Z", "user": 2, "content_type": 7, "object_id": "103", "object_repr": "Rivoli Ramblas", "action_flag": 3, "change_message": ""}}, {"model": "admin.logentry", "pk": 184, "fields": {"action_time": "2025-01-07T21:55:31.695Z", "user": 2, "content_type": 7, "object_id": "79", "object_repr": "Sagrada Familia", "action_flag": 3, "change_message": ""}}, {"model": "admin.logentry", "pk": 185, "fields": {"action_time": "2025-01-07T21:55:31.695Z", "user": 2, "content_type": 7, "object_id": "95", "object_repr": "Sansi Diputacio", "action_flag": 3, "change_message": ""}}, {"model": "admin.logentry", "pk": 186, "fields": {"action_time": "2025-01-07T21:55:31.695Z", "user": 2, "content_type": 7, "object_id": "154", "object_repr": "Santa Marta", "action_flag": 3, "change_message": ""}}, {"model": "admin.logentry", "pk": 187, "fields": {"action_time": "2025-01-07T21:55:31.695Z", "user": 2, "content_type": 7, "object_id": "109", "object_repr": "Santa Marta", "action_flag": 3, "change_message": ""}}, {"model": "admin.logentry", "pk": 188, "fields": {"action_time": "2025-01-07T21:55:31.695Z", "user": 2, "content_type": 7, "object_id": "60", "object_repr": "Santa Marta", "action_flag": 3, "change_message": ""}}, {"model": "admin.logentry", "pk": 189, "fields": {"action_time": "2025-01-07T21:55:31.695Z", "user": 2, "content_type": 7, "object_id": "74", "object_repr": "Santa Monica", "action_flag": 3, "change_message": ""}}, {"model": "admin.logentry", "pk": 190, "fields": {"action_time": "2025-01-07T21:55:31.695Z", "user": 2, "content_type": 7, "object_id": "71", "object_repr": "Silken Concordia", "action_flag": 3, "change_message": ""}}, {"model": "admin.logentry", "pk": 191, "fields": {"action_time": "2025-01-07T21:55:31.695Z", "user": 2, "content_type": 7, "object_id": "199", "object_repr": "Sorat Ambassador", "action_flag": 3, "change_message": ""}}, {"model": "admin.logentry", "pk": 192, "fields": {"action_time": "2025-01-07T21:55:31.695Z", "user": 2, "content_type": 7, "object_id": "38", "object_repr": "St. George Lycabettus", "action_flag": 3, "change_message": ""}}, {"model": "admin.logentry", "pk": 193, "fields": {"action_time": "2025-01-07T21:55:31.695Z", "user": 2, "content_type": 7, "object_id": "37", "object_repr": "Stanley", "action_flag": 3, "change_message": ""}}, {"model": "admin.logentry", "pk": 194, "fields": {"action_time": "2025-01-07T21:55:31.695Z", "user": 2, "content_type": 7, "object_id": "88", "object_repr": "Suizo", "action_flag": 3, "change_message": ""}}, {"model": "admin.logentry", "pk": 195, "fields": {"action_time": "2025-01-07T21:55:31.695Z", "user": 2, "content_type": 7, "object_id": "48", "object_repr": "Swissotel Nai Lert Park Bangkok", "action_flag": 3, "change_message": ""}}, {"model": "admin.logentry", "pk": 196, "fields": {"action_time": "2025-01-07T21:55:31.695Z", "user": 2, "content_type": 7, "object_id": "41", "object_repr": "Swissotel Nai Lert Park Bangkok", "action_flag": 3, "change_message": ""}}, {"model": "admin.logentry", "pk": 197, "fields": {"action_time": "2025-01-07T21:55:31.695Z", "user": 2, "content_type": 7, "object_id": "133", "object_repr": "Tiradors", "action_flag": 3, "change_message": ""}}, {"model": "admin.logentry", "pk": 198, "fields": {"action_time": "2025-01-07T21:55:31.695Z", "user": 2, "content_type": 7, "object_id": "78", "object_repr": "Torre Catalunya", "action_flag": 3, "change_message": ""}}, {"model": "admin.logentry", "pk": 199, "fields": {"action_time": "2025-01-07T21:55:31.695Z", "user": 2, "content_type": 7, "object_id": "14", "object_repr": "Tourist", "action_flag": 3, "change_message": ""}}, {"model": "admin.logentry", "pk": 200, "fields": {"action_time": "2025-01-07T21:55:31.695Z", "user": 2, "content_type": 7, "object_id": "120", "object_repr": "Transit", "action_flag": 3, "change_message": ""}}, {"model": "admin.logentry", "pk": 201, "fields": {"action_time": "2025-01-07T21:55:31.695Z", "user": 2, "content_type": 7, "object_id": "50", "object_repr": "Triple Two Silom (222)", "action_flag": 3, "change_message": ""}}, {"model": "admin.logentry", "pk": 202, "fields": {"action_time": "2025-01-07T21:55:31.695Z", "user": 2, "content_type": 7, "object_id": "43", "object_repr": "Triple Two Silom (222)", "action_flag": 3, "change_message": ""}}, {"model": "admin.logentry", "pk": 203, "fields": {"action_time": "2025-01-07T21:55:31.695Z", "user": 2, "content_type": 7, "object_id": "127", "object_repr": "Tryp Apolo", "action_flag": 3, "change_message": ""}}, {"model": "admin.logentry", "pk": 204, "fields": {"action_time": "2025-01-07T21:55:31.695Z", "user": 2, "content_type": 7, "object_id": "211", "object_repr": "Villa Kastania", "action_flag": 3, "change_message": ""}}, {"model": "admin.logentry", "pk": 205, "fields": {"action_time": "2025-01-07T21:55:31.695Z", "user": 2, "content_type": 7, "object_id": "52", "object_repr": "Windsor Suites", "action_flag": 3, "change_message": ""}}, {"model": "admin.logentry", "pk": 206, "fields": {"action_time": "2025-01-07T21:55:31.695Z", "user": 2, "content_type": 7, "object_id": "47", "object_repr": "Windsor Suites", "action_flag": 3, "change_message": ""}}, {"model": "admin.logentry", "pk": 207, "fields": {"action_time": "2025-01-07T21:55:31.695Z", "user": 2, "content_type": 7, "object_id": "45", "object_repr": "Windsor Suites", "action_flag": 3, "change_message": ""}}, {"model": "admin.logentry", "pk": 208, "fields": {"action_time": "2025-01-07T21:55:31.695Z", "user": 2, "content_type": 7, "object_id": "40", "object_repr": "Windsor Suites", "action_flag": 3, "change_message": ""}}, {"model": "admin.logentry", "pk": 209, "fields": {"action_time": "2025-01-07T21:55:31.695Z", "user": 2, "content_type": 7, "object_id": "214", "object_repr": "Winter's Berlin", "action_flag": 3, "change_message": ""}}, {"model": "admin.logentry", "pk": 210, "fields": {"action_time": "2025-01-07T21:55:31.695Z", "user": 2, "content_type": 7, "object_id": "208", "object_repr": "Winter's Berlin", "action_flag": 3, "change_message": ""}}, {"model": "hotels.city", "pk": "AMS", "fields": {"name": "Amsterdam"}}, {"model": "hotels.city", "pk": "ANT", "fields": {"name": "Antwerpen"}}, {"model": "hotels.city", "pk": "ATH", "fields": {"name": "Athene"}}, {"model": "hotels.city", "pk": "BAK", "fields": {"name": "Bangkok"}}, {"model": "hotels.city", "pk": "BAR", "fields": {"name": "Barcelona"}}, {"model": "hotels.city", "pk": "BER", "fields": {"name": "Berlin"}}, {"model": "hotels.hotel", "pk": 218, "fields": {"code": "AMS01", "name": "Ibis Amsterdam Airport", "city": "AMS"}}, {"model": "hotels.hotel", "pk": 219, "fields": {"code": "AMS02", "name": "Novotel Amsterdam Airport", "city": "AMS"}}, {"model": "hotels.hotel", "pk": 220, "fields": {"code": "ANT01", "name": "Express by Holiday Inn", "city": "ANT"}}, {"model": "hotels.hotel", "pk": 221, "fields": {"code": "ANT02", "name": "Eden", "city": "ANT"}}, {"model": "hotels.hotel", "pk": 222, "fields": {"code": "ANT04", "name": "Astoria", "city": "ANT"}}, {"model": "hotels.hotel", "pk": 223, "fields": {"code": "ANT05", "name": "Golden Tulip Antwerp Centre", "city": "ANT"}}, {"model": "hotels.hotel", "pk": 224, "fields": {"code": "ANT06", "name": "Residence", "city": "ANT"}}, {"model": "hotels.hotel", "pk": 225, "fields": {"code": "ANT07", "name": "Carlton", "city": "ANT"}}, {"model": "hotels.hotel", "pk": 226, "fields": {"code": "ANT08", "name": "Park Plaza Astrid Antwerp", "city": "ANT"}}, {"model": "hotels.hotel", "pk": 227, "fields": {"code": "ANT09", "name": "Antwerp Diamond", "city": "ANT"}}, {"model": "hotels.hotel", "pk": 228, "fields": {"code": "ANT10", "name": "Ramada Plaza", "city": "ANT"}}, {"model": "hotels.hotel", "pk": 229, "fields": {"code": "ANT11", "name": "Agora", "city": "ANT"}}, {"model": "hotels.hotel", "pk": 230, "fields": {"code": "ANT12", "name": "Radisson SAS Park Lane", "city": "ANT"}}, {"model": "hotels.hotel", "pk": 231, "fields": {"code": "ANT13", "name": "Tourist", "city": "ANT"}}, {"model": "hotels.hotel", "pk": 232, "fields": {"code": "ANT14", "name": "Ibis Antwerpen Centrum", "city": "ANT"}}, {"model": "hotels.hotel", "pk": 233, "fields": {"code": "ANT77", "name": "Carlton", "city": "ANT"}}, {"model": "hotels.hotel", "pk": 234, "fields": {"code": "ANT78", "name": "Astoria", "city": "ANT"}}, {"model": "hotels.hotel", "pk": 235, "fields": {"code": "ANT79", "name": "Carlton", "city": "ANT"}}, {"model": "hotels.hotel", "pk": 236, "fields": {"code": "ANT89", "name": "Express by Holiday Inn", "city": "ANT"}}, {"model": "hotels.hotel", "pk": 237, "fields": {"code": "ANT90", "name": "Ramada Plaza", "city": "ANT"}}, {"model": "hotels.hotel", "pk": 238, "fields": {"code": "ANT92", "name": "Express by Holiday Inn", "city": "ANT"}}, {"model": "hotels.hotel", "pk": 239, "fields": {"code": "ANT93", "name": "Carlton", "city": "ANT"}}, {"model": "hotels.hotel", "pk": 240, "fields": {"code": "ANT94", "name": "Corinthia Antwerp", "city": "ANT"}}, {"model": "hotels.hotel", "pk": 241, "fields": {"code": "ANT95", "name": "Corinthia Antwerp", "city": "ANT"}}, {"model": "hotels.hotel", "pk": 242, "fields": {"code": "ANT96", "name": "Express by Holiday Inn", "city": "ANT"}}, {"model": "hotels.hotel", "pk": 243, "fields": {"code": "ANT97", "name": "Astoria", "city": "ANT"}}, {"model": "hotels.hotel", "pk": 244, "fields": {"code": "ANT98", "name": "Express by Holiday Inn", "city": "ANT"}}, {"model": "hotels.hotel", "pk": 245, "fields": {"code": "ANT99", "name": "Express by Holiday Inn", "city": "ANT"}}, {"model": "hotels.hotel", "pk": 246, "fields": {"code": "ATH01", "name": "Evripides", "city": "ATH"}}, {"model": "hotels.hotel", "pk": 247, "fields": {"code": "ATH02", "name": "Amaryllis", "city": "ATH"}}, {"model": "hotels.hotel", "pk": 248, "fields": {"code": "ATH03", "name": "Amaryllis Inn", "city": "ATH"}}, {"model": "hotels.hotel", "pk": 249, "fields": {"code": "ATH04", "name": "Apollo", "city": "ATH"}}, {"model": "hotels.hotel", "pk": 250, "fields": {"code": "ATH05", "name": "Esperia Palace", "city": "ATH"}}, {"model": "hotels.hotel", "pk": 251, "fields": {"code": "ATH06", "name": "Fresh", "city": "ATH"}}, {"model": "hotels.hotel", "pk": 252, "fields": {"code": "ATH07", "name": "Dorian Inn", "city": "ATH"}}, {"model": "hotels.hotel", "pk": 253, "fields": {"code": "ATH08", "name": "Candia", "city": "ATH"}}, {"model": "hotels.hotel", "pk": 254, "fields": {"code": "ATH10", "name": "Stanley", "city": "ATH"}}, {"model": "hotels.hotel", "pk": 255, "fields": {"code": "ATH14", "name": "St. George Lycabettus", "city": "ATH"}}, {"model": "hotels.hotel", "pk": 256, "fields": {"code": "BAK20", "name": "Narai", "city": "BAK"}}, {"model": "hotels.hotel", "pk": 257, "fields": {"code": "BAK21", "name": "Windsor Suites", "city": "BAK"}}, {"model": "hotels.hotel", "pk": 258, "fields": {"code": "BAK22", "name": "Swissotel Nai Lert Park Bangkok", "city": "BAK"}}, {"model": "hotels.hotel", "pk": 259, "fields": {"code": "BAK23", "name": "Holiday Inn Silom", "city": "BAK"}}, {"model": "hotels.hotel", "pk": 260, "fields": {"code": "BAK24", "name": "Triple Two Silom (222)", "city": "BAK"}}, {"model": "hotels.hotel", "pk": 261, "fields": {"code": "BAK25", "name": "Millennium Hilton Bangkok", "city": "BAK"}}, {"model": "hotels.hotel", "pk": 262, "fields": {"code": "BAK31", "name": "Windsor Suites", "city": "BAK"}}, {"model": "hotels.hotel", "pk": 263, "fields": {"code": "BAK70", "name": "Narai", "city": "BAK"}}, {"model": "hotels.hotel", "pk": 264, "fields": {"code": "BAK71", "name": "Windsor Suites", "city": "BAK"}}, {"model": "hotels.hotel", "pk": 265, "fields": {"code": "BAK72", "name": "Swissotel Nai Lert Park Bangkok", "city": "BAK"}}, {"model": "hotels.hotel", "pk": 266, "fields": {"code": "BAK73", "name": "Holiday Inn Silom", "city": "BAK"}}, {"model": "hotels.hotel", "pk": 267, "fields": {"code": "BAK74", "name": "Triple Two Silom (222)", "city": "BAK"}}, {"model": "hotels.hotel", "pk": 268, "fields": {"code": "BAK75", "name": "Millennium Hilton Bangkok", "city": "BAK"}}, {"model": "hotels.hotel", "pk": 269, "fields": {"code": "BAK81", "name": "Windsor Suites", "city": "BAK"}}, {"model": "hotels.hotel", "pk": 270, "fields": {"code": "BAR01", "name": "Rialto", "city": "BAR"}}, {"model": "hotels.hotel", "pk": 271, "fields": {"code": "BAR02", "name": "Adagio", "city": "BAR"}}, {"model": "hotels.hotel", "pk": 272, "fields": {"code": "BAR03", "name": "Comercio", "city": "BAR"}}, {"model": "hotels.hotel", "pk": 273, "fields": {"code": "BAR04", "name": "AutoHogar", "city": "BAR"}}, {"model": "hotels.hotel", "pk": 274, "fields": {"code": "BAR05", "name": "Arc la Rambla", "city": "BAR"}}, {"model": "hotels.hotel", "pk": 275, "fields": {"code": "BAR06", "name": "Catalonia Aragon", "city": "BAR"}}, {"model": "hotels.hotel", "pk": 276, "fields": {"code": "BAR07", "name": "Borne", "city": "BAR"}}, {"model": "hotels.hotel", "pk": 277, "fields": {"code": "BAR08", "name": "Santa Marta", "city": "BAR"}}, {"model": "hotels.hotel", "pk": 278, "fields": {"code": "BAR09", "name": "Expo", "city": "BAR"}}, {"model": "hotels.hotel", "pk": 279, "fields": {"code": "BAR10", "name": "Junior", "city": "BAR"}}, {"model": "hotels.hotel", "pk": 280, "fields": {"code": "BAR11", "name": "Amrey Diagonal", "city": "BAR"}}, {"model": "hotels.hotel", "pk": 281, "fields": {"code": "BAR12", "name": "Principal", "city": "BAR"}}, {"model": "hotels.hotel", "pk": 282, "fields": {"code": "BAR13", "name": "AB Viladomat", "city": "BAR"}}, {"model": "hotels.hotel", "pk": 283, "fields": {"code": "BAR14", "name": "Front Maritim", "city": "BAR"}}, {"model": "hotels.hotel", "pk": 284, "fields": {"code": "BAR15", "name": "Citypark Nicaragua", "city": "BAR"}}, {"model": "hotels.hotel", "pk": 285, "fields": {"code": "BAR16", "name": "Catalonia Atenas", "city": "BAR"}}, {"model": "hotels.hotel", "pk": 286, "fields": {"code": "BAR17", "name": "Rege", "city": "BAR"}}, {"model": "hotels.hotel", "pk": 287, "fields": {"code": "BAR18", "name": "Decimononico/Pescateria", "city": "BAR"}}, {"model": "hotels.hotel", "pk": 288, "fields": {"code": "BAR19", "name": "Silken Concordia", "city": "BAR"}}, {"model": "hotels.hotel", "pk": 289, "fields": {"code": "BAR20", "name": "Gutenberg", "city": "BAR"}}, {"model": "hotels.hotel", "pk": 290, "fields": {"code": "BAR21", "name": "Catalonia Princesa", "city": "BAR"}}, {"model": "hotels.hotel", "pk": 291, "fields": {"code": "BAR22", "name": "Santa Monica", "city": "BAR"}}, {"model": "hotels.hotel", "pk": 292, "fields": {"code": "BAR23", "name": "Catalunya", "city": "BAR"}}, {"model": "hotels.hotel", "pk": 293, "fields": {"code": "BAR24", "name": "Medium Monegal", "city": "BAR"}}, {"model": "hotels.hotel", "pk": 294, "fields": {"code": "BAR25", "name": "Hesperia Metropol", "city": "BAR"}}, {"model": "hotels.hotel", "pk": 295, "fields": {"code": "BAR26", "name": "Torre Catalunya", "city": "BAR"}}, {"model": "hotels.hotel", "pk": 296, "fields": {"code": "BAR27", "name": "Sagrada Familia", "city": "BAR"}}, {"model": "hotels.hotel", "pk": 297, "fields": {"code": "BAR28", "name": "Del Comte", "city": "BAR"}}, {"model": "hotels.hotel", "pk": 298, "fields": {"code": "BAR29", "name": "Citypark Pelayo", "city": "BAR"}}, {"model": "hotels.hotel", "pk": 299, "fields": {"code": "BAR30", "name": "Habitat Sky", "city": "BAR"}}, {"model": "hotels.hotel", "pk": 300, "fields": {"code": "BAR31", "name": "Amister", "city": "BAR"}}, {"model": "hotels.hotel", "pk": 301, "fields": {"code": "BAR32", "name": "Acevi Villarroel", "city": "BAR"}}, {"model": "hotels.hotel", "pk": 302, "fields": {"code": "BAR33", "name": "Calabria", "city": "BAR"}}, {"model": "hotels.hotel", "pk": 303, "fields": {"code": "BAR34", "name": "Rialto", "city": "BAR"}}, {"model": "hotels.hotel", "pk": 304, "fields": {"code": "BAR35", "name": "Ramblas", "city": "BAR"}}, {"model": "hotels.hotel", "pk": 305, "fields": {"code": "BAR36", "name": "Suizo", "city": "BAR"}}, {"model": "hotels.hotel", "pk": 306, "fields": {"code": "BAR37", "name": "Principal", "city": "BAR"}}, {"model": "hotels.hotel", "pk": 307, "fields": {"code": "BAR38", "name": "H10 Marina Barcelona", "city": "BAR"}}, {"model": "hotels.hotel", "pk": 308, "fields": {"code": "BAR39", "name": "Catalonia Berna", "city": "BAR"}}, {"model": "hotels.hotel", "pk": 309, "fields": {"code": "BAR40", "name": "America", "city": "BAR"}}, {"model": "hotels.hotel", "pk": 310, "fields": {"code": "BAR41", "name": "Icaria", "city": "BAR"}}, {"model": "hotels.hotel", "pk": 311, "fields": {"code": "BAR42", "name": "Park", "city": "BAR"}}, {"model": "hotels.hotel", "pk": 312, "fields": {"code": "BAR43", "name": "Sansi Diputacio", "city": "BAR"}}, {"model": "hotels.hotel", "pk": 313, "fields": {"code": "BAR44", "name": "Condestable", "city": "BAR"}}, {"model": "hotels.hotel", "pk": 314, "fields": {"code": "BAR45", "name": "Confortel Almirante", "city": "BAR"}}, {"model": "hotels.hotel", "pk": 315, "fields": {"code": "BAR46", "name": "Barcelona Princess", "city": "BAR"}}, {"model": "hotels.hotel", "pk": 316, "fields": {"code": "BAR47", "name": "Catal. Duques de Bergara", "city": "BAR"}}, {"model": "hotels.hotel", "pk": 317, "fields": {"code": "BAR48", "name": "Grupotel Gravina", "city": "BAR"}}, {"model": "hotels.hotel", "pk": 318, "fields": {"code": "BAR49", "name": "Axel", "city": "BAR"}}, {"model": "hotels.hotel", "pk": 319, "fields": {"code": "BAR50", "name": "Avenida Palace", "city": "BAR"}}, {"model": "hotels.hotel", "pk": 320, "fields": {"code": "BAR51", "name": "Rivoli Ramblas", "city": "BAR"}}, {"model": "hotels.hotel", "pk": 321, "fields": {"code": "BAR52", "name": "1898", "city": "BAR"}}, {"model": "hotels.hotel", "pk": 322, "fields": {"code": "BAR53", "name": "Casa Fuster", "city": "BAR"}}, {"model": "hotels.hotel", "pk": 323, "fields": {"code": "BAR54", "name": "Adagio", "city": "BAR"}}, {"model": "hotels.hotel", "pk": 324, "fields": {"code": "BAR55", "name": "Comercio", "city": "BAR"}}, {"model": "hotels.hotel", "pk": 325, "fields": {"code": "BAR56", "name": "Catalonia Aragon", "city": "BAR"}}, {"model": "hotels.hotel", "pk": 326, "fields": {"code": "BAR57", "name": "Santa Marta", "city": "BAR"}}, {"model": "hotels.hotel", "pk": 327, "fields": {"code": "BAR58", "name": "Napols", "city": "BAR"}}, {"model": "hotels.hotel", "pk": 328, "fields": {"code": "BAR59", "name": "Catalonia Atenas", "city": "BAR"}}, {"model": "hotels.hotel", "pk": 329, "fields": {"code": "BAR60", "name": "Catalonia Princesa", "city": "BAR"}}, {"model": "hotels.hotel", "pk": 330, "fields": {"code": "BAR61", "name": "Rialto", "city": "BAR"}}, {"model": "hotels.hotel", "pk": 331, "fields": {"code": "BAR62", "name": "Ramblas", "city": "BAR"}}, {"model": "hotels.hotel", "pk": 332, "fields": {"code": "BAR63", "name": "Catalonia Berna", "city": "BAR"}}, {"model": "hotels.hotel", "pk": 333, "fields": {"code": "BAR64", "name": "Cristal Palace", "city": "BAR"}}, {"model": "hotels.hotel", "pk": 334, "fields": {"code": "BAR65", "name": "Grand Marina", "city": "BAR"}}, {"model": "hotels.hotel", "pk": 335, "fields": {"code": "BAR66", "name": "AB Skipper", "city": "BAR"}}, {"model": "hotels.hotel", "pk": 336, "fields": {"code": "BAR67", "name": "Abrevadero", "city": "BAR"}}, {"model": "hotels.hotel", "pk": 337, "fields": {"code": "BAR68", "name": "Transit", "city": "BAR"}}, {"model": "hotels.hotel", "pk": 338, "fields": {"code": "BAR69", "name": "Barcelona Ramblas", "city": "BAR"}}, {"model": "hotels.hotel", "pk": 339, "fields": {"code": "BAR70", "name": "Glories", "city": "BAR"}}, {"model": "hotels.hotel", "pk": 340, "fields": {"code": "BAR71", "name": "Avinyo", "city": "BAR"}}, {"model": "hotels.hotel", "pk": 341, "fields": {"code": "BAR72", "name": "California", "city": "BAR"}}, {"model": "hotels.hotel", "pk": 342, "fields": {"code": "BAR73", "name": "Guardia", "city": "BAR"}}, {"model": "hotels.hotel", "pk": 343, "fields": {"code": "BAR74", "name": "Del Mar", "city": "BAR"}}, {"model": "hotels.hotel", "pk": 344, "fields": {"code": "BAR75", "name": "Tryp Apolo", "city": "BAR"}}, {"model": "hotels.hotel", "pk": 345, "fields": {"code": "BAR76", "name": "H10 Montcada", "city": "BAR"}}, {"model": "hotels.hotel", "pk": 346, "fields": {"code": "BAR77", "name": "Gotico", "city": "BAR"}}, {"model": "hotels.hotel", "pk": 347, "fields": {"code": "BAR78", "name": "Gran Barcino", "city": "BAR"}}, {"model": "hotels.hotel", "pk": 348, "fields": {"code": "BAR79", "name": "Condes de Barcelona", "city": "BAR"}}, {"model": "hotels.hotel", "pk": 349, "fields": {"code": "BAR80", "name": "Corders", "city": "BAR"}}, {"model": "hotels.hotel", "pk": 350, "fields": {"code": "BAR81", "name": "Tiradors", "city": "BAR"}}, {"model": "hotels.hotel", "pk": 351, "fields": {"code": "BAR82", "name": "Confortel Auditori", "city": "BAR"}}, {"model": "hotels.hotel", "pk": 352, "fields": {"code": "BAR83", "name": "Gran Ronda", "city": "BAR"}}, {"model": "hotels.hotel", "pk": 353, "fields": {"code": "BAR84", "name": "Catalonia Ramblas", "city": "BAR"}}, {"model": "hotels.hotel", "pk": 354, "fields": {"code": "BAR85", "name": "Catalonia Albinoni", "city": "BAR"}}, {"model": "hotels.hotel", "pk": 355, "fields": {"code": "BAR86", "name": "Expo", "city": "BAR"}}, {"model": "hotels.hotel", "pk": 356, "fields": {"code": "BAR87", "name": "Calabria", "city": "BAR"}}, {"model": "hotels.hotel", "pk": 357, "fields": {"code": "BAR88", "name": "Almirante Confortel", "city": "BAR"}}, {"model": "hotels.hotel", "pk": 358, "fields": {"code": "BAR89", "name": "Evenia Rocafort", "city": "BAR"}}, {"model": "hotels.hotel", "pk": 359, "fields": {"code": "BAR90", "name": "Avinyo", "city": "BAR"}}, {"model": "hotels.hotel", "pk": 360, "fields": {"code": "BAR91", "name": "Espana", "city": "BAR"}}, {"model": "hotels.hotel", "pk": 361, "fields": {"code": "BAR92", "name": "Marina", "city": "BAR"}}, {"model": "hotels.hotel", "pk": 362, "fields": {"code": "BAR93", "name": "Amrey Sant Pau", "city": "BAR"}}, {"model": "hotels.hotel", "pk": 363, "fields": {"code": "BAR94", "name": "Barcelona Center", "city": "BAR"}}, {"model": "hotels.hotel", "pk": 364, "fields": {"code": "BAR95", "name": "Lami", "city": "BAR"}}, {"model": "hotels.hotel", "pk": 365, "fields": {"code": "BAR96", "name": "Ciutat de Barcelona", "city": "BAR"}}, {"model": "hotels.hotel", "pk": 366, "fields": {"code": "BAR97", "name": "Bel Art", "city": "BAR"}}, {"model": "hotels.hotel", "pk": 367, "fields": {"code": "BAR98", "name": "Barcelona Catedral", "city": "BAR"}}, {"model": "hotels.hotel", "pk": 368, "fields": {"code": "BAR99", "name": "Aston", "city": "BAR"}}, {"model": "hotels.hotel", "pk": 369, "fields": {"code": "BARA1", "name": "Nouvel", "city": "BAR"}}, {"model": "hotels.hotel", "pk": 370, "fields": {"code": "BARA2", "name": "Lleo", "city": "BAR"}}, {"model": "hotels.hotel", "pk": 371, "fields": {"code": "BARA3", "name": "Santa Marta", "city": "BAR"}}, {"model": "hotels.hotel", "pk": 372, "fields": {"code": "BARA4", "name": "Avinyo", "city": "BAR"}}, {"model": "hotels.hotel", "pk": 373, "fields": {"code": "BARA5", "name": "Rialto", "city": "BAR"}}, {"model": "hotels.hotel", "pk": 374, "fields": {"code": "BARA6", "name": "H10 Universitat", "city": "BAR"}}, {"model": "hotels.hotel", "pk": 375, "fields": {"code": "BARA7", "name": "Del Mar", "city": "BAR"}}, {"model": "hotels.hotel", "pk": 376, "fields": {"code": "BARA8", "name": "Majestic", "city": "BAR"}}, {"model": "hotels.hotel", "pk": 377, "fields": {"code": "BARA9", "name": "H10 Raco del Pi", "city": "BAR"}}, {"model": "hotels.hotel", "pk": 378, "fields": {"code": "BARB1", "name": "NH Duc de la Victoria", "city": "BAR"}}, {"model": "hotels.hotel", "pk": 379, "fields": {"code": "BARB2", "name": "Colon", "city": "BAR"}}, {"model": "hotels.hotel", "pk": 380, "fields": {"code": "BARB3", "name": "Arago 565", "city": "BAR"}}, {"model": "hotels.hotel", "pk": 381, "fields": {"code": "BARB4", "name": "Ramblas", "city": "BAR"}}, {"model": "hotels.hotel", "pk": 382, "fields": {"code": "BARB5", "name": "NH Les Corts", "city": "BAR"}}, {"model": "hotels.hotel", "pk": 383, "fields": {"code": "BARB6", "name": "Confortel Barcelona", "city": "BAR"}}, {"model": "hotels.hotel", "pk": 384, "fields": {"code": "BARB7", "name": "AB Viladomat", "city": "BAR"}}, {"model": "hotels.hotel", "pk": 385, "fields": {"code": "BARB8", "name": "Residencia Erasmus Gracia", "city": "BAR"}}, {"model": "hotels.hotel", "pk": 386, "fields": {"code": "BARB9", "name": "Petit Palace Museum", "city": "BAR"}}, {"model": "hotels.hotel", "pk": 387, "fields": {"code": "BARC7", "name": "FC Barcelona-Real in 3*", "city": "BAR"}}, {"model": "hotels.hotel", "pk": 388, "fields": {"code": "BER01", "name": "Quality City-East", "city": "BER"}}, {"model": "hotels.hotel", "pk": 389, "fields": {"code": "BER02", "name": "Bogota", "city": "BER"}}, {"model": "hotels.hotel", "pk": 390, "fields": {"code": "BER03", "name": "Agon Opera am Kurfürstendamm", "city": "BER"}}, {"model": "hotels.hotel", "pk": 391, "fields": {"code": "BER04", "name": "Comfort Weissensee", "city": "BER"}}, {"model": "hotels.hotel", "pk": 392, "fields": {"code": "BER05", "name": "Comfort Lichtenberg", "city": "BER"}}, {"model": "hotels.hotel", "pk": 393, "fields": {"code": "BER06", "name": "City Amaryl", "city": "BER"}}, {"model": "hotels.hotel", "pk": 394, "fields": {"code": "BER07", "name": "Park Inn Alexanderplatz", "city": "BER"}}, {"model": "hotels.hotel", "pk": 395, "fields": {"code": "BER08", "name": "Novotel Dorint am Tiergarten", "city": "BER"}}, {"model": "hotels.hotel", "pk": 396, "fields": {"code": "BER09", "name": "Best Western Berlin Mitte", "city": "BER"}}, {"model": "hotels.hotel", "pk": 397, "fields": {"code": "BER10", "name": "Berlin Mark", "city": "BER"}}, {"model": "hotels.hotel", "pk": 398, "fields": {"code": "BER11", "name": "Sorat Ambassador", "city": "BER"}}, {"model": "hotels.hotel", "pk": 399, "fields": {"code": "BER12", "name": "Panorama", "city": "BER"}}, {"model": "hotels.hotel", "pk": 400, "fields": {"code": "BER13", "name": "Melia Berlin", "city": "BER"}}, {"model": "hotels.hotel", "pk": 401, "fields": {"code": "BER14", "name": "Art'Otel Kudamm", "city": "BER"}}, {"model": "hotels.hotel", "pk": 402, "fields": {"code": "BER15", "name": "Lindenberger Hof", "city": "BER"}}, {"model": "hotels.hotel", "pk": 403, "fields": {"code": "BER16", "name": "Ramada Plaza", "city": "BER"}}, {"model": "hotels.hotel", "pk": 404, "fields": {"code": "BER17", "name": "Innside Premium", "city": "BER"}}, {"model": "hotels.hotel", "pk": 405, "fields": {"code": "BER18", "name": "Metropolitan Hansa", "city": "BER"}}, {"model": "hotels.hotel", "pk": 406, "fields": {"code": "BER19", "name": "Ellington", "city": "BER"}}, {"model": "hotels.hotel", "pk": 407, "fields": {"code": "BER20", "name": "Winter's Berlin", "city": "BER"}}, {"model": "hotels.hotel", "pk": 408, "fields": {"code": "BER21", "name": "Estrel", "city": "BER"}}, {"model": "hotels.hotel", "pk": 409, "fields": {"code": "BER22", "name": "Citadines", "city": "BER"}}, {"model": "hotels.hotel", "pk": 410, "fields": {"code": "BER23", "name": "Villa Kastania", "city": "BER"}}, {"model": "hotels.hotel", "pk": 411, "fields": {"code": "BER24", "name": "Domicil", "city": "BER"}}, {"model": "hotels.hotel", "pk": 412, "fields": {"code": "BER25", "name": "Holiday Inn Berlin City East", "city": "BER"}}, {"model": "hotels.hotel", "pk": 413, "fields": {"code": "BER26", "name": "Winter's Berlin", "city": "BER"}}, {"model": "hotels.user", "pk": 2, "fields": {"password": "pbkdf2_sha256$870000$aoi72WvRyAoZg4Zz3CoILK$PygqKmmJsDoUWIqC4jj78iyWEhFMQ9vqIXniCWnVOg0=", "last_login": "2025-01-07T22:38:07.262Z", "is_superuser": true, "username": "admin", "first_name": "", "last_name": "", "email": "admin@gmail.com", "is_staff": true, "is_active": true, "date_joined": "2025-01-05T17:46:41.883Z", "city": null, "role": "manager", "groups": [], "user_permissions": []}}, {"model": "hotels.user", "pk": 11, "fields": {"password": "pbkdf2_sha256$870000$DIcaBmpzBm2CetVY4eLALt$JmzRdp8NMUajMs1D1W0XJA1oyy6f9QVDgPLx1pXWgCA=", "last_login": "2025-01-07T22:39:30.238Z", "is_superuser": false, "username": "manager", "first_name": "", "last_name": "", "email": "manager@gmail.com", "is_staff": false, "is_active": true, "date_joined": "2025-01-07T22:39:21.527Z", "city": "BAR", "role": "manager", "groups": [], "user_permissions": []}}]
